{
  "AAPL": 249.33,
  "MSFT": 609.24,
  "NVDA": 216.84,
  "AVGO": 376.76,
  "CSCO": 76.35,
  "ORCL": 334.71,
  "ADBE": 463.74,
  "AMD": 233.26,
  "INTC": 26.73,
  "MU": 192.93,
  "TSM": 298.65,
  "GOOGL": 245.16,
  "META": 854.15,
  "NFLX": 1355.22,
  "VZ": 48.25,
  "DIS": 134.31,
  "PDD": 141.43931878306879,
  "TCEHY": 89.60813492063492,
  "AMZN": 265.07,
  "TSLA": 350.68,
  "HD": 433.44,
  "NKE": 83.25,
  "SBUX": 96.4,
  "BKNG": 6051.46,
  "GM": 62.4,
  "BABA": 191.56883818342152,
  "LVMUY": 156.85,
  "UNH": 367.04,
  "LLY": 895.74,
  "JNJ": 194.79,
  "PFE": 29.21,
  "MRK": 99.09,
  "ABT": 142.24,
  "DHR": 241.76,
  "AMGN": 314.18,
  "CVS": 83.3,
  "JPM": 321.78,
  "BAC": 54.52,
  "WFC": 91,
  "V": 391.72,
  "PYPL": 83.19,
  "BLK": 1269.65,
  "GS": 776.65,
  "PG": 169.51,
  "KO": 76.58,
  "PEP": 156.1,
  "COST": 1061.41,
  "WMT": 112.48,
  "KR": 77.12,
  "PM": 185.28,
  "GIS": 54.54,
  "MDLZ": 72.02,
  "UPS": 100.54,
  "XOM": 124.92,
  "CVX": 169.36,
  "COP": 115.36,
  "NEM": 93.52,
  "DUK": 133.24,
  "PLD": 121.39
}
