{
  "AAPL": 254.38,
  "MSFT": 612.28,
  "NVDA": 220.95,
  "AVGO": 386.48,
  "CSCO": 76.26,
  "CRM": 329.46,
  "ORCL": 349.44,
  "ADBE": 463.74,
  "AMD": 239.33,
  "INTC": 33.98,
  "MU": 199.62,
  "TSM": 338.16,
  "GOOGL": 256.02,
  "GOOG": 248.61,
  "META": 859.96,
  "NFLX": 1352.07,
  "VZ": 48.19,
  "DIS": 134.5,
  "PDD": 141.5454144620811,
  "TCEHY": 89.50341710758379,
  "AMZN": 266.9,
  "TSLA": 378.14,
  "HD": 433.44,
  "NKE": 83.39,
  "SBUX": 95.86,
  "BKNG": 6094.8,
  "GM": 70.62,
  "BABA": 193.84645061728395,
  "LVMUY": 158.2,
  "UNH": 368.88,
  "LLY": 908.64,
  "JNJ": 199.06,
  "PFE": 29.02,
  "MRK": 99.05,
  "ABT": 143.97,
  "TMO": 608.3,
  "DHR": 254.21,
  "AMGN": 313.36,
  "CVS": 84.82,
  "JPM": 323.16,
  "BAC": 56.25,
  "WFC": 93.14,
  "V": 393.73,
  "PYPL": 82.43,
  "BLK": 1295.08,
  "GS": 791.11,
  "PG": 168.34,
  "KO": 77.85,
  "PEP": 157.34,
  "COST": 1062.24,
  "WMT": 112.8,
  "KR": 77.12,
  "PM": 183.65,
  "GIS": 54.54,
  "MDLZ": 71.43,
  "UPS": 99.06,
  "XOM": 126.44,
  "CVX": 169.68,
  "COP": 114.38,
  "NEM": 105.17,
  "LIN": 513.53,
  "DUK": 136.13,
  "PLD": 128.62
}
